Model,Accuracy_train,Accuracy_test,Precision_test,Recall_test,F1_test
XGBoost Classifier,0.9066071670951563,0.888014859652384,0.8516607112839972,0.9396110180307942,0.893421079351525
Gradient Boost Classifier,0.8783951197442399,0.8727095919695138,0.8394957961219841,0.9215402426531079,0.8785602496877016
Logistic Regressor,0.8631170831640302,0.86128531926759,0.8464438574399662,0.8828243749365168,0.8641638291809285
Decision Tree Classifier,0.8503449934734594,0.8428541221303096,0.824603883064215,0.8730560506269718,0.8472453026895164
