Model,Accuracy_train,Accuracy_test,Precision_test,Recall_test,F1_test
Logistic Regressor,0.9002185754432225,0.9003480935805067,0.70509977827051,0.2245762711864407,0.34065345474022496
Decision Tree Classifier,0.9000451028692363,0.8984052456893062,0.7048346055979644,0.19562146892655366,0.3062465450525152
Random Forest Classifier,0.8998369357804531,0.8980004857119728,0.7254335260115607,0.1772598870056497,0.2849035187287174
Gradient Boost Classifier,0.9058390868403705,0.9002671415850401,0.6637010676156584,0.2634180790960452,0.37714863498483314
XGBoost Classifier,0.9423030218922388,0.8932243179794382,0.5672676837725381,0.2888418079096045,0.38277959756668223
