,Model,Accuracy_train,Accuracy_test,Precision_test,Recall_test,F1_test
0,Logistic Regressor,0.9084064809353641,0.9122480369141099,0.7029339853300733,0.4060734463276836,0.5147717099373322
1,Decision Tree Classifier,0.9061860319883427,0.9085242451226423,0.5983493810178817,0.614406779661017,0.6062717770034843
2,Gradient Boost Classifier,0.9142351594212955,0.9119242289322432,0.7060301507537688,0.3968926553672316,0.5081374321880651
3,XGBoost Classifier,0.9240537071089061,0.9160527807010442,0.6746543778801843,0.5169491525423728,0.5853658536585366
4,Logistic Regressor with under resampled data,0.8651062519248537,0.8638649425287356,0.8474226804123711,0.8870503597122302,0.8667838312829526
5,Decision Tree Classifier with under resampled data,0.8688019710502002,0.8649425287356322,0.8266752577319587,0.923021582733813,0.8721957851801494
6,Gradient Boost Classifier with under resampled data,0.8855866954111488,0.8771551724137931,0.848404255319149,0.9179856115107914,0.8818244644091223
7,XGBoost Classifier with under resampled data,0.9170003079765938,0.8857758620689655,0.8521681997371879,0.9330935251798561,0.8907967032967034
